player,position
Clinton N'Jie,Unknown
Lewis Grabban,Unknown
Jose Luis Mato Sanmartn,Unknown
Isaac Success,Unknown
Matthew Pennington,Unknown
Ben Wynter,Unknown
Brian Lenihan,Unknown
Andros Townsend,MID
Jefferson Montero,Unknown
Olufela Olomola,Unknown
Jordon Mutch,Unknown
James McArthur,MID
David Jones,Unknown
Oscar dos Santos Emboaba Junior,MID
Matej Vydra,Unknown
Harrison Reed,MID
Michael Ledger,Unknown
Javier Manquillo,DEF
Kieran Trippier,DEF
Eliaquim Mangala,DEF
Harry Lewis,Unknown
Peter Crouch,FWD
Erik Lamela,MID
Marouane Fellaini,MID
Rudy Gestede,Unknown
Jon Flanagan,Unknown
Simon Mignolet,GK
Ryan Allsop,Unknown
Yaya Sanogo,Unknown
Victor Moses,DEF
Pedro Chirivella,Unknown
Marc Albrighton,MID
Harry Maguire,DEF
Andreas Pereira,MID
Johann Berg Gudmundsson,Unknown
David Marshall,Unknown
Alfred N'Diaye,Unknown
Serge Gnabry,MID
Mesut zil,MID
Oluwatosin Adarabioyo,Unknown
Sofiane Boufal,MID
Lloyd Isgrove,Unknown
Scott Arfield,Unknown
Dominic Calvert-Lewin,FWD
Demetri Mitchell,DEF
Eric Dier,DEF
Florin Gardos,Unknown
David Ospina,GK
Marcin Wasilewski,Unknown
Marcus Browne,Unknown
Lukasz Fabianski,GK
Gabriel Armando de Abreu,Unknown
Charlie Adam,Unknown
Max Gradel,Unknown
Bradley Guzan,Unknown
Marcus Rashford,MID
Aaron Wan-Bissaka,DEF
Sebastian Larsson,Unknown
Ryan Bertrand,DEF
Hctor Bellern,DEF
Brice Dja Djdj,Unknown
Morgan Schneiderlin,MID
Adam Lallana,MID
Shane Long,FWD
Marten de Roon,Unknown
Mateusz Hewelt,Unknown
Victor Wanyama,MID
Jan Kirchhoff,Unknown
Scott Dann,DEF
Declan Rice,MID
Ron-Robert Zieler,Unknown
Santiago Cazorla,MID
Rickie Lambert,Unknown
Leiva Lucas,Unknown
Alfie Mawson,DEF
Fernando Luiz Rosa,Unknown
Will Keane,Unknown
Andrew Robertson,DEF
Dimitri Payet,MID
Didier Ndong,Unknown
Valon Behrami,Unknown
Sergio Agero,FWD
Aleksandar Kolarov,Unknown
Raheem Sterling,MID
lvaro Negredo,Unknown
Jack Rose,Unknown
Jordon Ibe,Unknown
Joe Allen,Unknown
John Terry,DEF
Rene Gilmartin,Unknown
Keshi Anderson,Unknown
Tom Davies,MID
Ibrahim Afellay,Unknown
Damien Delaney,Unknown
Troy Deeney,FWD
Michy Batshuayi,FWD
Dejan Lovren,Unknown
Arouna Kon,Unknown
Jordan Henderson,MID
Erik Pieters,Unknown
Mark Noble,MID
Darron Gibson,Unknown
Robert Kenedy Nunes do Nascimento,Unknown
Jerome Sinclair,Unknown
Eunan O'Kane,Unknown
Steve Mandanda,GK
George Friend,Unknown
Fernando Francisco Reges,Unknown
Steve Cook,Unknown
Joleon Lescott,Unknown
Rob Holding,DEF
Federico Fernndez,Unknown
Maarten Stekelenburg,Unknown
Alberto Moreno,Unknown
Greg Olley,Unknown
Kane Wilson,Unknown
Dan Gosling,Unknown
James McCarthy,MID
Gareth Barry,DEF
Joel Dinis Castro Pereira,Unknown
Alex McCarthy,GK
Jordan Ayew,FWD
Adam Smith,Unknown
Manuel Lanzini,MID
Bacary Sagna,Unknown
James Morrison,MID
Adlne Gudioura,Unknown
Steven Berghuis,Unknown
Giannelli Imbula,Unknown
Evandro Goebel,Unknown
Cuco Martina,Unknown
Fraser Forster,GK
Ritchie de Laet,Unknown
Mario Surez,Unknown
Roberto Pereyra,Unknown
Grant Leadbitter,Unknown
Gkhan Tre,Unknown
Emre Can,MID
Alex Baptiste,Unknown
Sullay Kaikai,Unknown
James Chester,Unknown
Gylfi Sigurdsson,MID
Cristhian Stuani,Unknown
Philippe Coutinho,MID
Dusan Kuciak,Unknown
Zachary Dearnley,Unknown
Michail Antonio,FWD
Giedrius Arlauskis,Unknown
Jonathan Calleri,Unknown
Callum Wilson,FWD
Adnan Januzaj,MID
Luke McGee,Unknown
Ragnar Klavan,Unknown
Joe Williams,Unknown
Mathieu Flamini,Unknown
Steven Davis,Unknown
Kevin Long,Unknown
Abel Hernndez,Unknown
Jake Livermore,MID
Pau Lpez Sabata,Unknown
Nordin Amrabat,Unknown
Trent Alexander-Arnold,DEF
Lazar Markovic,Unknown
Maksymilian Stryjek,Unknown
Adam Matthews,Unknown
Gal Clichy,Unknown
Arthur Masuaku,DEF
Ilkay Gndogan,MID
Wayne Rooney,FWD
Ezekiel Fryers,Unknown
Mamadou Obbi Oular,Unknown
Andy Carroll,FWD
Fredrik Ulvestad,Unknown
Nick Pope,GK
Moussa Sissoko,MID
Nathan Dyer,Unknown
Daryl Janmaat,Unknown
Ashley Westwood,Unknown
Aaron Ramsey,MID
Aaron Ramsdale,GK
Alex Bruce,Unknown
Tom Cleverley,Unknown
Matteo Darmian,DEF
Dieumerci Mbokani,Unknown
Ikechi Anya,Unknown
Adrin San Miguel del Castillo,Unknown
Marcos Alonso,DEF
Riyad Mahrez,MID
Robert Snodgrass,MID
Dominic Solanke,FWD
Granit Xhaka,MID
Jeff Reine-Adelaide,Unknown
David Meyler,Unknown
Glenn Whelan,Unknown
Charlie Rowan,Unknown
Juan Zuiga,Unknown
Vctor Valds,Unknown
Diego Da Silva Costa,FWD
Joshua Onomah,Unknown
Stephen Ward,Unknown
Marc Wilson,Unknown
Lewis Cook,Unknown
Eduardo Dos Reis Carvalho,Unknown
Ben Davies,DEF
Pablo Zabaleta,DEF
Pedro Obiang,Unknown
Toby Alderweireld,DEF
Kamil Grosicki,MID
Simone Zaza,Unknown
Sadio Man,FWD
Phil Bardsley,Unknown
Matthew Worthington,Unknown
Andr Ayew,Unknown
Adam Clayton,Unknown
Phil Jones,DEF
Kevin Mirallas,Unknown
Andrew Eleftheriou,Unknown
Ben Gibson,Unknown
Domingos Quina,Unknown
George Honeyman,Unknown
Jonathan Williams,Unknown
Nabil Bentaleb,Unknown
Eden Hazard,MID
Oriol Romeu Vidal,MID
Shkodran Mustafi,DEF
Jake Hesketh,Unknown
Harry Arter,Unknown
Borja Bastn,Unknown
Wayne Hennessey,GK
Tyias Browning,Unknown
Jeff Hendrick,MID
Ramiro Funes Mori,Unknown
Samuel Shashoua,Unknown
Henrikh Mkhitaryan,MID
Idrissa Gueye,MID
Daniel Agyei,Unknown
Glen Johnson,Unknown
Seamus Coleman,DEF
Pape Souar,Unknown
Wilfried Bony,FWD
Patrick van Aanholt,DEF
David Silva,MID
Eric Bailly,DEF
Wilfried Zaha,MID
Shay Given,Unknown
Aiden O'Neill,Unknown
Thomas Robson,Unknown
Ben Hinchcliffe,Unknown
Eldin Jakupovic,Unknown
Hiram Boateng,Unknown
Divock Origi,FWD
Daniel Batty,Unknown
Juan Carlos Paredes,Unknown
Willy Caballero,GK
Philipp Wollscheid,Unknown
Matthew James,Unknown
Ander Herrera,MID
Craig Gardner,Unknown
Danny Ings,FWD
Miguel Britos,Unknown
Mile Jedinak,Unknown
Andy King,Unknown
James McClean,Unknown
Ryan Shawcross,Unknown
Tom Huddlestone,Unknown
Phil Jagielka,DEF
Danny Rose,DEF
Kevin Stewart,Unknown
Cameron Borthwick-Jackson,DEF
Cesc Fbregas,MID
Daniel Amartey,DEF
Saido Berahino,Unknown
Tyrone Mings,DEF
Michael Carrick,MID
Jeffrey Schlupp,MID
Joshua Harrop,Unknown
Alex Oxlade-Chamberlain,MID
Nacer Chadli,Unknown
Reece Burke,Unknown
Christian Benteke,FWD
Jos Holebas,Unknown
Cdric Soares,Unknown
Jordan Pickford,GK
Ashley Young,DEF
Ben Watson,Unknown
Ben Hamer,Unknown
Shinji Okazaki,FWD
Adam Forshaw,MID
Cameron Brannagan,Unknown
Anthony Martial,FWD
Bernardo Espinosa Ziga,Unknown
Georges-Kvin Nkoudou,Unknown
Marc Muniesa,Unknown
Lee Cattermole,Unknown
Paul Robinson,Unknown
Thomas Edwards,Unknown
Alex Iwobi,MID
Olivier Giroud,FWD
Jordan Rhodes,Unknown
Mame Biram Diouf,Unknown
Kieran Gibbs,DEF
Leighton Baines,Unknown
Marko Arnautovic,Unknown
Harry Winks,MID
Callum McManaman,Unknown
Noor Husin,Unknown
Joel Campbell,Unknown
Emilio Nsue Lopez,Unknown
Rekeem Harper,MID
Ahmed Elmohamady,Unknown
Jordi Amat,Unknown
James Tomkins,DEF
Luis Hernndez,Unknown
Luka Milivojevic,MID
Per Mertesacker,DEF
James Collins,Unknown
Zlatan Ibrahimovic,FWD
Stuart Taylor,Unknown
Marco Van Ginkel,Unknown
Nathan Redmond,MID
Sam McQueen,Unknown
Jonjoe Kenny,DEF
Jack Cork,Unknown
Gareth McAuley,Unknown
Diafra Sakho,Unknown
Carl Jenkinson,Unknown
Michael Dawson,Unknown
N'Golo Kant,MID
Jay Fulton,Unknown
Rhian Brewster,FWD
Marcos Rojo,DEF
David de Gea,GK
Danny Simpson,MID
Pierre-Emile Hjbjerg,MID
Jonathan Leko,MID
Craig Dawson,Unknown
Aaron Lennon,Unknown
Chris Brunt,Unknown
Jonas Olsson,Unknown
Neil Taylor,Unknown
Mike van der Hoorn,Unknown
Angus Gunn,GK
Heurelho Gomes,Unknown
Tom Heaton,Unknown
Fabio Borini,Unknown
John O'Shea,MID
Ashley Fletcher,Unknown
Kelechi Iheanacho,FWD
Bakary Sako,MID
Oviemuno Ejaria,Unknown
Connor Randall,Unknown
Joel Ward,DEF
Nampalys Mendy,MID
Bamidele Alli,MID
Ryan Fraser,MID
Abdul Rahman Baba,Unknown
Harry Wilson,MID
Gastn Ramrez,Unknown
Ademola Lookman,Unknown
M'Baye Niang,Unknown
Laurent Koscielny,Unknown
Romelu Lukaku,FWD
Almen Abdi,Unknown
Antonio Barragn,Unknown
Mathieu Debuchy,Unknown
Damian Emiliano Martinez,Unknown
Josh Cullen,Unknown
Lamine Kon,Unknown
Modou Barrow,Unknown
John Obi Mikel,Unknown
Dimitrios Konstantopoulos,Unknown
Papy Djilobodji,Unknown
Matthew Willock,Unknown
Jakob Haugaard,Unknown
John Stones,DEF
Curtis Davies,Unknown
Moses Odubajo,Unknown
Mario Balotelli,FWD
Xherdan Shaqiri,MID
Jack Butland,Unknown
Daley Blind,FWD
Nathaniel Chalobah,Unknown
Lee Grant,GK
Alexis Snchez,MID
Allan-Romo Nyom,Unknown
Simon Francis,Unknown
Nathan Holland,Unknown
Darren Randolph,GK
Emerson Hyndman,Unknown
Carl Stewart,Unknown
Maya Yoshida,Unknown
Tokelo Rantie,Unknown
Jose Angel Esmoris Tasende,Unknown
Theo Walcott,MID
Ramadan Sobhi,Unknown
Joel Robles,Unknown
Oumar Niasse,Unknown
Bruno Martins Indi,Unknown
Sam Vokes,Unknown
Leroy San,MID
Bartosz Kapustka,Unknown
Alexander Manninger,Unknown
Claudio Yacob,Unknown
Joel Asoro,Unknown
Michael Kightly,Unknown
Matt Phillips,MID
Aleix Garca Serrano,Unknown
Daniel Drinkwater,MID
Axel Tuanzebe,DEF
Christian Fuchs,DEF
James Husband,Unknown
Cristian Gamboa,Unknown
Nemanja Matic,MID
Costel Pantilimon,Unknown
Martin Kelly,DEF
Marvin Emnes,Unknown
Harry Kane,FWD
Dean Marney,Unknown
Juan Mata,MID
Michael Simes Domingues,Unknown
Baily Cargill,Unknown
Adam Reach,Unknown
Jonathan Walters,Unknown
Tom Carroll,Unknown
Samir Nasri,MID
Angel Gomes,MID
Gerard Deulofeu,MID
Benjamin Chilwell,DEF
Charlie Austin,FWD
Joseph Gomez,DEF
Christian Kabasele,Unknown
Ola Aina,Unknown
Baftimbi Gomis,Unknown
Oluwaseyi Ojo,Unknown
Guillermo Varela,Unknown
Jarrod Bowen,MID
Mousa Dembl,Unknown
Ruben Loftus-Cheek,MID
Antonio Valencia,DEF
Darren Fletcher,DEF
Sebastian Prdl,Unknown
Donald Love,Unknown
Lynden Gooch,Unknown
Mamadou Sakho,DEF
Steven Defour,Unknown
Wahbi Khazri,Unknown
Albert Adomah,Unknown
Jason Denayer,Unknown
Ethan Robson,Unknown
Michael Keane,DEF
Mason Holgate,DEF
Elliott Moore,Unknown
Jan Vertonghen,DEF
Jrmy Pied,Unknown
Molla Wagu,Unknown
Bradley Smith,Unknown
Chris Long,Unknown
Manuel Agudo Durn,Unknown
James Weir,Unknown
Steven Pienaar,Unknown
Yohan Benalouane,Unknown
Matt Miazga,Unknown
Elliot Embleton,Unknown
Juan Cuadrado,MID
Ben Foster,GK
James Tarkowski,Unknown
Islam Slimani,Unknown
Daniel Ayala,Unknown
Adama Traor,Unknown
Ashley Williams,Unknown
Greg Luer,Unknown
Julien de Sart,Unknown
Mouez Hassen,Unknown
Shaun MacDonald,Unknown
Geoff Cameron,Unknown
Adam Federici,Unknown
Alex Palmer,Unknown
Lukas Jutkiewicz,Unknown
Carlos De Pena,Unknown
Angelo Ogbonna,DEF
Allan McGregor,Unknown
Artur Boruc,Unknown
Lucas Prez,Unknown
Memphis Depay,MID
Sbastien Pocognoli,Unknown
Thibaud Verlinden,Unknown
Raphael Spiegel,Unknown
Michael Phillips,Unknown
Wilfred Ndidi,MID
Wes Morgan,DEF
Marc Pugh,Unknown
Bojan Krkic,Unknown
Markus Henriksen,Unknown
lvaro Arbeloa,Unknown
Virgil van Dijk,DEF
Kevin Wimmer,Unknown
David Luiz Moreira Marinho,DEF
Yohan Cabaye,Unknown
Daniel Lafferty,Unknown
Cameron Carter-Vickers,DEF
Olayinka Fredrick Oladotun Ladapo,Unknown
Matt Targett,DEF
Jonathan Benteke,Unknown
Nathaniel Clyne,DEF
Victor Anichebe,Unknown
Patrick Bamford,FWD
Reece Oxford,Unknown
Winston Reid,Unknown
Gerhard Tremmel,Unknown
Connor Roberts,Unknown
Alex Pike,Unknown
Muhamed Besic,Unknown
Franck Tabanou,Unknown
Adama Diomande,Unknown
Ainsley Maitland-Niles,DEF
Jack Rodwell,Unknown
Jesse Lingard,MID
Jay Rodriguez,Unknown
Ryan Mason,MID
Charlie Daniels,Unknown
Jack Wilshere,MID
Josh Maja,Unknown
Bryan Oviedo,Unknown
Stewart Downing,Unknown
Scott McTominay,MID
Josh Robson,Unknown
Jamie Vardy,FWD
Fabian Delph,MID
Ben Mee,Unknown
Hal Robson-Kanu,FWD
Hugo Lloris,GK
Gary Cahill,DEF
Leon Britton,Unknown
Calum Chambers,DEF
James Wilson,FWD
Daniel Kemp,Unknown
Chris Smalling,Unknown
Demarai Gray,MID
Sam Clucas,Unknown
Francis Coquelin,Unknown
Daniel Sturridge,FWD
Cheikhou Kouyat,Unknown
Jermain Defoe,Unknown
Luke Shaw,DEF
Kevin De Bruyne,MID
Shaun Maloney,Unknown
Leroy Fer,Unknown
Manolo Gabbiadini,FWD
Connor Wickham,FWD
Loris Karius,Unknown
Sam Surridge,Unknown
Vito Mannone,Unknown
Jess Navas,MID
Gkhan Inler,Unknown
Benik Afobe,Unknown
Loc Remy,Unknown
Yannick Bolasie,Unknown
Oleksandr Zinchenko,DEF
Angel Rangel,Unknown
Martn Cceres,Unknown
Dael Fry,Unknown
Wayne Routledge,Unknown
Odion Ighalo,FWD
Vincent Kompany,DEF
Boaz Myhill,Unknown
Edimilson Fernandes,Unknown
Jeremain Lens,Unknown
Patrick McNair,Unknown
Sam Byram,Unknown
James Milner,MID
Jose Fonte,Unknown
Mohamed Diam,Unknown
Matthew Lowton,Unknown
Nicols Otamendi,DEF
Dionatan do Nascimento Teixeira,Unknown
Fraizer Campbell,Unknown
Michael Folivi,Unknown
Bastian Schweinsteiger,MID
Joel Taylor,Unknown
Sergio Romero,GK
Stephen Kingsley,Unknown
Christian Eriksen,MID
Heung-Min Son,MID
Gabriel Fernando de Jesus,Unknown
Abdoulaye Doucour,Unknown
Julien Ngoy,Unknown
Julian Speroni,Unknown
Robbie Brady,Unknown
Joshua Sims,Unknown
Viktor Fischer,Unknown
Chuba Akpom,Unknown
Ahmed Musa,Unknown
Claudio Bravo,GK
Aaron Cresswell,DEF
Danny Welbeck,FWD
Timothy Fosu-Mensah,DEF
Matt Macey,GK
Tommie Hoban,Unknown
Joe Ledley,Unknown
Joshua King,FWD
Kurt Zouma,DEF
Jonny Evans,DEF
Craig Cathcart,Unknown
Leonardo Ulloa,Unknown
Sofiane Feghouli,Unknown
Martin Olsson,Unknown
Lys Mousset,FWD
Josh Tymon,Unknown
Andrew Surman,Unknown
Dion Pereira,Unknown
Joe Hart,GK
Nacho Monreal,DEF
Hvard Nordtveit,Unknown
Kyle Naughton,Unknown
Bertrand Traore,Unknown
Mauro Zrate,Unknown
Stephen Ireland,Unknown
Alex Pritchard,Unknown
Sung-yueng Ki,Unknown
Pablo Maffeo,Unknown
Brendan Galloway,Unknown
Csar Azpilicueta,DEF
DeAndre Yedlin,DEF
Billy Jones,Unknown
Daniel James,MID
Tendayi Darikwa,Unknown
Younes Kaboul,Unknown
Takuma Asano,Unknown
Kristoffer Nordfeldt,Unknown
Joey Barton,Unknown
Nathan Ak,DEF
Kasper Schmeichel,GK
Fernando Llorente,Unknown
Brandon Mason,Unknown
Jack Stephens,DEF
Moses Makasi,Unknown
Ben Woodburn,Unknown
Petr Cech,GK
Chung-yong Lee,Unknown
Georginio Wijnaldum,MID
Andre Gray,Unknown
Joel Matip,DEF
Vincent Janssen,Unknown
Sam Field,MID
James Ward-Prowse,MID
Asmir Begovic,Unknown
Omar Elabdellaoui,Unknown
Ross Barkley,MID
Thibaut Courtois,GK
Etienne Capoue,Unknown
Duncan Watmore,Unknown
Pedro Rodrguez Ledesma,Unknown
Oliver McBurnie,FWD
Gnegneri Yaya Tour,Unknown
Paulo Gazzaniga,GK
Fabio Pereira da Silva,Unknown
Branislav Ivanovic,Unknown
Kyle Walker,DEF
Marko Grujic,Unknown
Enner Valencia,Unknown
Filip Lesniak,Unknown
Dusan Tadic,Unknown
Kieran O'Hara,Unknown
Luciano Narsingh,Unknown
Salomn Rondn,Unknown
Willian Borges Da Silva,MID
Jordy Clasie,Unknown
Paul Pogba,MID
Adrian Mariappa,Unknown
Rouwen Hennings,Unknown
Michel Vorm,Unknown
David Nugent,Unknown
Stefano Okaka,Unknown
Ashley Barnes,FWD
Junior Stanislas,Unknown
Josh Clackstone,Unknown
Mohamed Elneny,MID
Jason Puncheon,Unknown
Andrea Ranocchia,Unknown
Luke Dreher,Unknown
George Boyd,Unknown
Robert Huth,Unknown
Roberto Firmino,FWD
Connor Goldson,Unknown
Papa Alioune Ndiaye,Unknown
Alfie Whiteman,Unknown
Siem de Jong,Unknown
Pierre-Emerick Aubameyang,MID
Joo Mrio Naval Costa Eduardo,Unknown
Jayson Molumby,Unknown
Florent Hadergjonaj,Unknown
Aymeric Laporte,DEF
Martin Dubravka,GK
Ben Johnson,DEF
Sead Haksabanovic,Unknown
Harry Souttar,Unknown
Tyrese Campbell,Unknown
Kasey Palmer,Unknown
Matty James,MID
Dean Whitehead,Unknown
Jordan Hugill,FWD
Nikola Vlasic,Unknown
Uwe Hnemeier,Unknown
Niki Menp,Unknown
Isaiah Brown,Unknown
Vicente Iborra,Unknown
Jan Bednarek,DEF
Florian Lejeune,DEF
Steve Sidwell,Unknown
Jeremie Boga,Unknown
Massadio Haidara,Unknown
Jonathan Hogg,Unknown
Harry Bunn,Unknown
Mark Hudson,Unknown
Levi Lumeka,Unknown
Connor Mahoney,Unknown
Davy Prpper,Unknown
Kyle Walker-Peters,DEF
Harvey Barnes,MID
Rajiv van La Parra,Unknown
Grzegorz Krychowiak,Unknown
Antonio Martinez Lopez,Unknown
Ayoze Prez,MID
Diego Cavalieri,Unknown
Dujon Sterling,Unknown
Glenn Murray,FWD
Serge Aurier,DEF
Bernardo Mota Veiga de Carvalho e Silva,MID
Will Hughes,Unknown
Konstantinos Stafylidis,Unknown
Richarlison de Andrade,FWD
Nathan Trott,Unknown
Dodi Lukebakio,Unknown
Sandro Ramrez,Unknown
Andreas Christensen,DEF
Chris Wood,FWD
Konstantinos Mavropanos,Unknown
Christopher Schindler,Unknown
Danny Williams,FWD
Charly Musonda,Unknown
Jes Rodrguez Ruiz,Unknown
Matt Ritchie,MID
Michael Hefele,Unknown
Erdal Rakip,Unknown
Max Melbourne,Unknown
Charlie Taylor,Unknown
Fousseni Diabat,Unknown
Jonas Lssl,Unknown
Jack Simpson,Unknown
Grady Diangana,MID
Anthony Knockaert,MID
Mario Lemina,MID
Nya Kirby,Unknown
Laurent Depoitre,Unknown
Edward Nketiah,FWD
Benjamin Mendy,DEF
Dale Stephens,MID
Aleksandar Mitrovic,FWD
Jamie Murphy,Unknown
Isaac Hayden,MID
Curtis Jones,MID
Sean Scannell,Unknown
Mohamed Salah,MID
Jess Gmez Duarte,Unknown
Pascal Gro,Unknown
Guido Carrillo,Unknown
Dion Henry,Unknown
Trevoh Chalobah,Unknown
Conor Masterson,Unknown
Antonio Rdiger,DEF
Ederson Santana de Moraes,GK
Renato Sanches,MID
Sam Baldock,Unknown
Henri Saivet,Unknown
Robert Green,Unknown
Jiri Skalak,Unknown
Dwight McNeil,Unknown
Terence Kongolo,Unknown
Joe Rodon,DEF
Mikel Merino,Unknown
Matt Butcher,Unknown
Danilo Luiz da Silva,DEF
Tom Ince,Unknown
Roque Mesa,Unknown
Ethan Ampadu,DEF
Karl Darlow,GK
Martin Cranie,Unknown
Marvin Zeegelaar,Unknown
Davinson Snchez,DEF
Tiemou Bakayoko,MID
Hamza Choudhury,MID
Mathias Jorgensen,Unknown
Andr Carrillo,Unknown
Rafael Camacho,Unknown
Cenk Tosun,FWD
Steve Mounie,Unknown
Jos Heriberto Izquierdo Mena,Unknown
Ciaran Clark,DEF
Chancel Mbemba,Unknown
Grant Hanley,Unknown
Fikayo Tomori,DEF
Erwin Mulder,Unknown
Davy Klaassen,Unknown
Tomer Hemed,Unknown
Mathew Ryan,GK
Kyle Scott,Unknown
Beram Kayal,Unknown
Nahki Wells,Unknown
Moritz Bauer,Unknown
Kyle Jameson,Unknown
Joseph Willock,MID
Daryl Murphy,Unknown
Ezequiel Schelotto,Unknown
Joe Lolley,Unknown
Abdelhamid Sabiri,Unknown
Josh Pask,Unknown
Liam Rosenior,Unknown
Lukas Nmecha,Unknown
Tommy Smith,Unknown
Javier Hernndez Balczar,Unknown
Jack Payne,Unknown
Michael Obafemi,FWD
Sam Hughes,Unknown
Brahim Diaz,MID
Sead Kolasinac,DEF
Adrien Sebastian Perruchet Silva,Unknown
Beni Baningime,Unknown
Solomon March,MID
Oliver Burke,MID
Alexander Srloth,Unknown
Tammy Abraham,FWD
Paul Dummett,DEF
Jonjo Shelvey,MID
Collin Quaner,Unknown
Jon Gorenc Stankovic,Unknown
Robert Elliot,Unknown
Jamaal Lascelles,DEF
Danny Ward,GK
Aleksandar Dragovic,Unknown
Bojan Krkic Perez,Unknown
Philip Billing,Unknown
Emerson Palmieri dos Santos,DEF
Tashan Oakley-Boothe,Unknown
Phil Foden,MID
Dwight Gayle,FWD
Rayhaan Tulloch,Unknown
Elias Kachunga,Unknown
Joel Coleman,Unknown
Jairo Riedewald,MID
Juan Foyth,DEF
Rolando Aarons,MID
Oliver Norwood,MID
Reiss Nelson,MID
Bruno Saltor Grau,Unknown
Kyle Bartley,DEF
Anders Lindegaard,GK
James Daly,Unknown
Patrice Evra,DEF
Ali Gabr,Unknown
Orestis Karnezis,Unknown
Eric Maxim Choupo-Moting,FWD
Lucas Rodrigues Moura da Silva,MID
Jaroslaw Jach,Unknown
Francisco Femena Far,Unknown
Jrgen Locadia,Unknown
Chris Lwe,Unknown
Freddie Woodman,Unknown
Luke Garbutt,Unknown
Kyle Taylor,Unknown
George Thomas,Unknown
Lasse Sorenson,Unknown
Callum Hudson-Odoi,MID
Jason Lokilo,Unknown
Layton Ndukwu,Unknown
Gatan Bong,Unknown
Jordi Osei-Tutu,Unknown
Victor Lindelf,DEF
Lewis Dunk,DEF
Jacob Murphy,MID
Shane Duffy,DEF
Scott Malone,Unknown
Tim Krul,GK
Davide Zappacosta,Unknown
lvaro Morata,FWD
Joy Mukena,Unknown
Christian Atsu,MID
Jack Colback,Unknown
Adam Legzdins,Unknown
Aaron Mooy,MID
Alexandre Lacazette,FWD
Wesley Hoedt,Unknown
Nathan Ferguson,DEF
Kazaiah Sterling,Unknown
Yoan Gouffran,Unknown
Daniel Bachmann,Unknown
Markus Suttner,Unknown
Ahmed El-Sayed Hegazi,Unknown
Yves Bissouma,MID
Matthew Daly,Unknown
Issa Diop,DEF
Bonatini Lohner Maia Bonatini,Unknown
James Maddison,MID
Andr-Frank Zambo Anguissa,Unknown
Joe Powell,Unknown
Sokratis Papastathopoulos,DEF
George Marsh,Unknown
Roderick Jefferson Gonalves Miranda,Unknown
Jefferson Lerma,Unknown
Rafa Mir,Unknown
Dan Burn,DEF
Jonathan Castro Otto,DEF
Ben Wilmot,Unknown
Sam Woods,DEF
Miguel Almirn,Unknown
Andr Schrrle,Unknown
Loc Damour,Unknown
Aaron Rowe,Unknown
Ben White,DEF
David Button,GK
Fabian Schr,Unknown
Joe Bennett,Unknown
Conor Coventry,Unknown
Joe Tupper,Unknown
Kenneth Zohore,FWD
Stuart Armstrong,MID
Bukayo Saka,MID
Bernd Leno,GK
Timothy Eyoma,Unknown
Pontus Dahlberg,Unknown
Lucas Perri,Unknown
Gary Madine,Unknown
Lucas Torreira,MID
Adama Diakhaby,Unknown
Conor Coady,DEF
Romain Sass,DEF
Vicente Guaita,GK
Mohamed Elyounoussi,Unknown
Floyd Ayit,Unknown
Naby Keita,MID
Felipe Anderson Pereira Gomes,MID
Nikola Tavares,Unknown
Mark Travers,Unknown
Philippe Sandler,Unknown
Sean Morrison,Unknown
Ashley Darel Jazz Richards,Unknown
Neil Etheridge,Unknown
Aboubakar Kamara,MID
Chris Mepham,Unknown
Luciano Vietto,Unknown
Kortney Hause,Unknown
Cyrus Christie,DEF
Mason Greenwood,MID
Matteo Guendouzi,MID
Florin Andone,FWD
Sean Longstaff,MID
Harvey Elliott,MID
Yerry Mina,DEF
Cameron John,Unknown
Luke Amos,Unknown
Mateo Kovacic,MID
Max Sanders,Unknown
Oliver Skipp,MID
Antonio Barreca,Unknown
Addji Keaninkin Marc-Israel Guehi,Unknown
Aron Gunnarsson,Unknown
Bright Enobakhare,Unknown
Kevin McDonald,MID
David Brooks,Unknown
aglar Sync,Unknown
Greg Cunninghamm,Unknown
Juninho Bacuna,Unknown
Anthony Pilkington,Unknown
Josh Knight,Unknown
Callum Roberts,Unknown
Morgan Gibbs-White,MID
Kieran Dowell,Unknown
Alisson Ramses Becker,GK
Youri Tielemans,MID
Frederick Woodman,Unknown
John Ruddy,GK
Ral Jimnez,FWD
Ivan Cavaleiro,Unknown
Tom Cairney,MID
Anthony Driscoll-Glennon,Unknown
Bobby Reid,Unknown
Kayne Ramsay,Unknown
Rben Diogo da Silva Neves,Unknown
Jos Diogo Dalot Teixeira,Unknown
Matthew Connolly,Unknown
Stefan Johansen,MID
Lucas Digne,DEF
Ryan Schofield,Unknown
Carlos Snchez,Unknown
Leon Balogun,Unknown
Kadeem Harris,Unknown
Neeskens Kebano,MID
Jamie Sterry,Unknown
Arijanet Muric,Unknown
Luca De La Torre,Unknown
Joe Ralls,Unknown
Frederico Rodrigues de Paula Santos,Unknown
Emile Smith-Rowe,DEF
Tim Ream,DEF
Omar Bogle,Unknown
Tyreke Johnson,Unknown
Leander Dendoncker,MID
Bernardo Fernandes da Silva Junior,DEF
Nathaniel Mendez-Laing,Unknown
Stephan Lichtsteiner,Unknown
Zech Medley,Unknown
Demeaco Duhaney,Unknown
Alex Smithies,Unknown
Filip Benkovic,DEF
Bernard Ancio Caldeira Duarte,Unknown
Rui Pedro da Rocha Fonte,Unknown
Sam Gallagher,Unknown
Erik Durm,Unknown
Denis Odoi,DEF
Lewis Cass,Unknown
Sol Bamba,Unknown
Karlan Grant,Unknown
Zeze Steven Sessegnon,DEF
Tahith Chong,MID
Ricardo Domingos Barbosa Pereira,DEF
Viktor Gyokeres,Unknown
Hlder Costa,Unknown
James Garner,MID
Josh Benson,Unknown
Lee Peltier,Unknown
Danny Batth,Unknown
Max Meyer,MID
Jannik Vestergaard,DEF
Jason Steele,GK
Rui Pedro dos Santos Patrcio,Unknown
Brian Murphy,Unknown
Jean Michael Seri,Unknown
Diego Rico,Unknown
Bruno Ecuele Manga,Unknown
Ryan Bennett,DEF
Josh Murphy,Unknown
Fabin Balbuena,Unknown
Diogo Jota,MID
Yan Valery,DEF
Andr Filipe Tavares Gomes,Unknown
Adam Masina,Unknown
Ryan John Giles,Unknown
David De Gea,Unknown
Joe Bryan,DEF
Gonzalo Higuan,FWD
Matt Doherty,DEF
Alfie Jones,Unknown
Callum Slattery,Unknown
Alexandre Nascimento Costa Silva,Unknown
Alireza Jahanbakhsh,MID
Ryan Sessegnon,DEF
Kepa Arrizabalaga,GK
Martn Montoya,Unknown
Callum Paterson,Unknown
David Junior Hoilett,Unknown
Emiliano Martnez,GK
Isaac Mbenza,Unknown
Rachid Ghezzal,Unknown
Rben Gonalo Silva Nascimento Vinagre,Unknown
Joo Filipe Iria Santos Moutinho,Unknown
Ryan Babel,Unknown
Max Kilman,DEF
Abd-Al-Ali Morakinyo Olaposi Koiki,Unknown
Fabio Henrique Tavares,MID
Vctor Camarasa,Unknown
Sergio Rico,Unknown
Marc Navarro,Unknown
Adalberto Pearanda,Unknown
Yoshinori Muto,FWD
Marcus Bettinelli,GK
Ibrahima Ciss,Unknown
Rhys Healey,Unknown
Fabricio Agosto Ramrez,Unknown
Jorge Luiz Frello Filho,MID
Ken Sema,Unknown
Ryan Fredericks,DEF
Denis Surez,Unknown
Isaac Success Ajayi,Unknown
Leandro Bacuna,Unknown
Kelland Watts,DEF
Greg Halford,Unknown
Maxime Le Marchand,DEF
Andriy Yarmolenko,MID
Willy Boly,DEF
Will Norris,Unknown
Barry Douglas,DEF
Nnamdi Ofoborh,Unknown
Bruno Miguel Borges Fernandes,MID
Djibril Sidib,Unknown
Japhet Tanganga,DEF
Tanguy Ndombele,MID
Lukas Jensen,Unknown
Ki-Jana Hoever,Unknown
John McGinn,Unknown
Daniel Adshead,Unknown
Rhu-endly Martina,Unknown
Darnell Johnson,Unknown
Dimitri Foulquier,Unknown
Luke Freeman,MID
Teemu Pukki,FWD
Mason Mount,MID
Bailey Peacock-Farrell,Unknown
Leon Clarke,Unknown
Daniel N'Lundulu,Unknown
Liam Gibson,Unknown
Rodrigo Hernandez,Unknown
Brandon Williams,DEF
Taylor Harwood-Bellis,Unknown
Steven Alzate,MID
Bruno Andr Cavaco Jordao,Unknown
Anthony Gordon,MID
Jake Vokins,DEF
Moritz Leitner,Unknown
Josh Brownhill,Unknown
Lukas Rupp,Unknown
Dennis Srbeny,Unknown
Billy Gilmour,MID
Neal Maupay,FWD
Tommy Doyle,Unknown
Bobby Thomas,Unknown
Patrick Cutrone,Unknown
Henri Lansbury,Unknown
Heurelho da Silva Gomes,Unknown
Josip Drmic,Unknown
Roberto Jimenez Gago,GK
Scott Carson,Unknown
Joo Pedro Junqueira de Jesus,Unknown
Ignacio Pussetto,Unknown
Jess Vallejo Lzaro,Unknown
Troy Parrott,Unknown
Ondrej Duda,Unknown
Nathaniel Phillips,Unknown
Andy Lonergan,Unknown
Ibrahim Amadou,Unknown
rjan Nyland,Unknown
Tariq Lamptey,DEF
Jordan Thomas,Unknown
Patrick Roberts,Unknown
Bjorn Engels,Unknown
John Lundstram,MID
Sbastien Haller,FWD
Gedson Carvalho Fernandes,MID
Alexis Mac Allister,MID
Jack Stacey,Unknown
Jamal Lewis,DEF
Daniel Ceballos Fernndez,Unknown
Michael Verrips,Unknown
Joo Manuel Neves Virgnia,Unknown
Alexander Tettey,Unknown
Caoimhin Kelleher,Unknown
Jonathan Kodjia,Unknown
Joo Pedro Cavaco Cancelo,Unknown
Kieran Tierney,DEF
Ellis Simms,Unknown
Max Thompson,Unknown
Jack Grealish,MID
Josh Martin,Unknown
Emiliano Buenda,MID
John-Kymani Gordon,Unknown
Onel Hernndez,Unknown
Reece James,DEF
Ben Godfrey,Unknown
Jimmy Dunne,Unknown
Matthew Clarke,DEF
Ahmed El Mohamady,Unknown
Joseph Anang,Unknown
Tudor Baluta,Unknown
Douglas Luiz Soares de Paulo,Unknown
Pablo Fornals,MID
Richard Stearman,Unknown
Matthew Longstaff,MID
Matthew Smith,Unknown
Richairo Zivkovic,Unknown
Akin Famewo,Unknown
John Egan,DEF
George Baldock,DEF
Jack Young,Unknown
Bernard Ashley-Seal,Unknown
Keinan Davis,Unknown
Joel Mumbongo,Unknown
Luke Thomas,DEF
James Justin,DEF
Che Adams,FWD
Lovre Kalinic,Unknown
Allan Saint-Maximin,MID
Billy Sharp,FWD
Ben Osborn,MID
Alfie Lewis,Unknown
Jeremy Ngakia,Unknown
Cole Palmer,Unknown
Philip Heise,Unknown
Jack O'Connell,DEF
Frdric Guilbert,Unknown
John Fleck,MID
Bernardo Costa Da Rosa,Unknown
Tyreece John-Jules,Unknown
Jos Reina,Unknown
Indiana Vassilev,Unknown
Pablo Mar,Unknown
Conor Hourihane,Unknown
Kenny McLean,Unknown
Brandon Pierrick,MID
Maximillian Aarons,Unknown
Brandon Austin,Unknown
Simon Moore,GK
Oskar Buur,DEF
Alexandre Jankewitz,Unknown
Nicolas Pp,Unknown
Jake Eastwood,Unknown
Albian Ajeti,FWD
Tomas Soucek,MID
Ravel Morrison,Unknown
Valentino Lazaro,Unknown
Daniel Castelo Podence,MID
Mario Vrancic,Unknown
Timm Klose,Unknown
Mahmoud Ahmed Ibrahim Hassan,Unknown
Emil Krafth,DEF
Takumi Minamino,MID
Ismala Sarr,MID
David McGoldrick,FWD
Ezri Konsa Ngoyo,Unknown
Jed Steer,Unknown
Giovani Lo Celso,MID
Callum Robinson,FWD
Sander Berge,MID
Aaron Connolly,FWD
Dean Henderson,GK
Adam Webster,DEF
Mihai-Alexandru Dobre,Unknown
Jarrad Branthwaite,DEF
Tyrick Mitchell,DEF
Steven Bergwijn,MID
Chris Basham,DEF
Marvelous Nakamba,Unknown
Harvey White,Unknown
Alex Cochrane,Unknown
Gabriel Teodoro Martinelli Silva,MID
David Martin,GK
Tom Trybull,Unknown
Taylor Perry,Unknown
Wesley Moraes,Unknown
Lewis Bate,Unknown
Birkir Bjarnason,Unknown
William Smallbone,MID
Kieron Freeman,Unknown
Owen Otasowie,Unknown
Arnaut Danjuma Groeneveld,Unknown
Faustino Anjorin,Unknown
George Hirst,Unknown
Stephen Henderson,Unknown
Borja Gonzlez Toms,Unknown
Panagiotis Retsos,Unknown
Will Ferry,Unknown
Nathan Tella,MID
Luke Cundle,Unknown
Mace Goodridge,Unknown
Leandro Trossard,MID
Kaine Hayden,Unknown
Pedro Lomba Neto,MID
Christian Saydee,Unknown
Jetro Willems,Unknown
Ayotomiwa Dele-Bashiru,Unknown
Jacob Maddox,Unknown
Anwar El Ghazi,MID
Christian Pulisic,MID
Jean-Philippe Gbamin,MID
Armando Broja,Unknown
Emile Smith Rowe,MID
Muhamed Bei,Unknown
Ralf Fahrmann,Unknown
Jack Robinson,DEF
Leonardo Campana,FWD
Giovanni McGregor,Unknown
Lewis Gibson,Unknown
Ryan Giles,Unknown
Moussa Djenepo,MID
Mark Duffy,Unknown
Marco Stiepermann,Unknown
Todd Cantwell,MID
Thomas Allan,Unknown
Christoph Zimmermann,Unknown
Lloyd Kelly,Unknown
Archie Mair,Unknown
Mbwana Samatta,Unknown
Dennis Praet,MID
Andre Green,Unknown
Jos ngel Esmors Tasende,Unknown
Dennis Cirkin,Unknown
Gavin Kilkenny,Unknown
Eric Garcia,DEF
Enda Stevens,DEF
Moise Kean,FWD
Gonalo Bento Soares Cardoso,Unknown
Joelinton Cssio Apolinrio de Lira,Unknown
Michael McGovern,Unknown
Neco Williams,DEF
Jos Ignacio Peleteiro Romallo,Unknown
Kevin Danso,Unknown
Adam Idah,Unknown
Anthony Mancini,Unknown
Allan Tchaptchet,Unknown
Liam Cooper,DEF
Sergio Reguiln,DEF
Fernando Maral,Unknown
Vontae Daley-Campbell,Unknown
Matheus Pereira,MID
Michael Hector,DEF
Ademipo Odubeko,Unknown
Cody Drameh,Unknown
Elia Caprile,Unknown
Aleksandar Mitrovi,FWD
Vitor Ferreira,MID
Nathan Bishop,Unknown
Jake Cain,Unknown
Rodrigo Moreno,FWD
Shane Flynn,Unknown
Mohamed Naser El Sayed Elneny,MID
Robert Snchez,Unknown
Charlie Cresswell,Unknown
Bobby Decordova-Reid,FWD
Daniel Langley,Unknown
Carlos Vinicius Alves Morais,Unknown
Timothy Castagne,DEF
Anthony Elanga,FWD
Christian Marques,Unknown
Taylor Gardner-Hickman,Unknown
Oliver Casey,DEF
Diego Llorente,Unknown
Martin degaard,MID
Josh Onomah,MID
Elliot Anderson,Unknown
Pascal Struijk,DEF
Hakim Ziyech,MID
Harry Tyrer,Unknown
Tyler Onyango,Unknown
Isaac Price,Unknown
Niels Nkounkou,Unknown
Cedric Kipre,DEF
Tawanda Maswanhise,Unknown
Kalvin Phillips,MID
Kamil Miazek,GK
James Trafford,Unknown
Thanawat Suengchitthawon,Unknown
Tyler Roberts,MID
Jos Izquierdo,Unknown
Dara O'Shea,DEF
Theo Corbeanu,Unknown
Liam Hughes,Unknown
Joachim Andersen,Unknown
Luke Ayling,DEF
William Osula,Unknown
Konstantinos Tsimikas,DEF
Crysencio Summerville,Unknown
James Rodrguez,MID
Jordan Stevens,MID
Donny van de Beek,MID
Teden Mengi,DEF
Daniel Jebbison,Unknown
Matthew Cash,Unknown
Teddy Jenks,Unknown
Alex Nicolao Telles,Unknown
Hugo Bueno,Unknown
Jean-Philippe Mateta,Unknown
Sad Benrahma,Unknown
William Fish,Unknown
Amad Diallo,MID
Cengiz nder,Unknown
Jol Veltman,Unknown
Tosin Adarabioyo,Unknown
Mateusz Bogusz,Unknown
Darnell Furlong,DEF
Jack Harrison,MID
Oluwasemilogo Adesewo Ibidapo Ajayi,DEF
Leif Davis,DEF
Sam Johnstone,GK
Claudio Gomes,Unknown
Fabio Carvalho,Unknown
Bertrand Traor,Unknown
Wesley Fofana,Unknown
Edouard Mendy,GK
Adrien Silva,MID
Nlson Cabral Semedo,Unknown
Leighton Clarkson,Unknown
Joe Gelhardt,Unknown
Thomas McGill,Unknown
Josh Sims,MID
Kyle John,Unknown
Willian Jos Da Silva,Unknown
Jensen Weir,Unknown
Nigel Lonwijk,Unknown
Dane Scarlett,Unknown
Ozan Kabak,DEF
Gareth Bale,MID
Kyron Gordon,Unknown
Hannibal Mejbri,MID
Zak Brunt,Unknown
Edinson Cavani,FWD
Filip Krovinovic,Unknown
Gaetano Berardi,Unknown
Femi Seriki,Unknown
Adrin Bernab,Unknown
Carney Chukwuemeka,Unknown
Ahmed El-Sayed Hegazy,DEF
Niall Huggins,Unknown
Jesurun Rak-Sakyi,Unknown
Jaden Philogene-Bidace,Unknown
Caleb Taylor,Unknown
Sam Greenwood,Unknown
Ryan Astley,Unknown
Reece Hannam,Unknown
Lewis Richardson,Unknown
Ezgjan Alioski,DEF
Luke Mbete,Unknown
Kai Havertz,MID
Romaine Sawyers,MID
Zack Steffen,Unknown
Karlo Ziger,Unknown
Shola Shoretire,Unknown
William Saliba,DEF
Wes Foderingham,GK
Christian Walton,GK
Ryan Finnigan,Unknown
Thomas Partey,MID
Okay Yokuslu,Unknown
Stuart Dallas,DEF
Kenny Tete,DEF
Gabriel Magalhes,Unknown
Jamie Shackleton,MID
Joo Virgnia,Unknown
Robin Koch,DEF
Jamal Baptiste,Unknown
Antwoine Hackford,Unknown
Kgaogelo Chauke,Unknown
Max Lowe,DEF
Mark Gillespie,GK
Jack Jenkins,Unknown
Jay-Roy Grot,MID
Hlder Wander Sousa de Azevedo e Costa,Unknown
Iliman Ndiaye,Unknown
Thiago Alcntara do Nascimento,MID
Ibrahima Diallo,Unknown
Raphael Dias Belloli,Unknown
Meritan Shabani,Unknown
Rben Santos Gato Alves Dias,Unknown
Pablo Hernndez Domnguez,Unknown
Antonee Robinson,DEF
Frankie Maguire,Unknown
Mateusz Klich,MID
Miguel Azeez,Unknown
Fabio Silva,FWD
Reece Welch,Unknown
Jayden Bogle,DEF
Percy Tau,Unknown
Conor Gallagher,Unknown
Alphonse Areola,GK
Robin Olsen,Unknown
Toby King,Unknown
Sylvester Jasper,Unknown
Billy Koumetio,Unknown
Andreas Sndergaard,Unknown
Ian Carlo Poveda-Ocampo,MID
Timo Werner,FWD
Ryan Inniss,Unknown
Jean Michal Seri,Unknown
Morgan Sanson,Unknown
Allan Marques Loureiro,MID
Cheikh Diaby,Unknown
Illan Meslier,GK
Caleb Watts,Unknown
Lo Bonatini,Unknown
Rnar Alex Rnarsson,Unknown
Kyle Edwards,MID
Mbaye Diagne,Unknown
Thakgalo Leshabela,Unknown
Eberechi Eze,MID
Nile John,Unknown
Conor Townsend,DEF
Ivan Ricardo Neves Abreu Cavaleiro,MID
Francisco Casilla Corts,Unknown
Valentino Livramento,Unknown
Reda Khadra,Unknown
Sidnei Tavares,Unknown
Facundo Pellistri,MID
Michal Karbownik,Unknown
Tyrese Francois,Unknown
Jacob Ramsey,Unknown
Rhys Williams,Unknown
Jakub Moder,Unknown
Richard Nartey,Unknown
Kean Bryan,Unknown
Ferran Torres,MID
Lewis Richards,Unknown
Ollie Watkins,FWD
Mohammed Salisu,DEF
Nathan Broadhead,Unknown
Vladimir Coufal,DEF
Rayan Ait Nouri,Unknown
Liam Delap,Unknown
Alfie Devine,Unknown
Frederik Alves,Unknown
Andi Zeqiri,Unknown
Matija Sarkic,GK
Jakub Ojrzynski,Unknown
Moiss Caicedo,Unknown
Thiago Thiago,DEF
Harry Boyes,Unknown
James Bree,Unknown
Felix Nmecha,Unknown
Marek Rodk,Unknown
Tim Iroegbunam,Unknown